OrderID,CustomerID,ProductName,Price,Quantity,TotalAmount,OrderDate
1,490,Product159,20.87,5,166.96,2023-06-14
2,759,Product331,92.55,8,647.85,2023-11-22
3,391,Product155,15.34,10,92.04,2023-12-28
4,329,Product488,12.46,7,37.38,2023-02-21
5,87,Product90,80.60,5,725.40,2023-03-06
6,200,Product635,24.15,10,96.60,2023-11-16
7,940,Product665,102.33,7,716.31,2023-03-18
8,301,Product33,78.13,5,468.78,2023-06-22
9,150,Product411,85.10,8,255.30,2023-02-06
10,168,Product981,72.96,9,510.72,2023-10-25
11,651,Product321,41.39,3,124.17,2023-09-24
12,17,Product614,34.50,1,138.00,2023-07-27
13,68,Product499,70.00,4,350.00,2023-05-19
14,265,Product954,26.11,4,234.99,2023-02-03
15,86,Product862,30.71,5,276.39,2023-02-26
16,728,Product768,41.43,7,41.43,2023-02-04
17,386,Product227,44.39,10,221.95,2023-07-03
18,808,Product298,88.00,1,704.00,2023-09-09
19,946,Product144,70.39,8,563.12,2023-10-09
20,210,Product500,35.13,1,245.91,2023-11-16
21,467,Product854,50.94,4,152.82,2023-04-16
22,119,Product115,54.50,6,327.00,2023-03-13
23,516,Product147,71.68,6,286.72,2023-12-21
24,853,Product359,37.30,3,298.40,2023-12-25
25,405,Product918,78.31,1,704.79,2023-05-20
26,929,Product670,50.49,7,252.45,2023-02-17
27,264,Product834,109.78,4,878.24,2023-12-13
28,375,Product156,26.79,9,80.37,2023-07-16
29,427,Product567,34.47,2,137.88,2023-06-23
30,132,Product693,87.62,7,788.58,2023-05-29
31,937,Product602,94.87,7,664.09,2023-12-16
32,282,Product709,74.26,5,222.78,2023-10-12
33,534,Product800,79.51,7,636.08,2023-07-31
34,669,Product141,101.18,4,809.44,2023-07-16
35,235,Product496,100.18,2,200.36,2023-03-27
36,803,Product222,60.33,10,361.98,2023-11-16
37,64,Product415,79.26,4,317.04,2023-12-25
38,605,Product952,15.59,1,46.77,2023-04-04
39,350,Product175,43.36,8,303.52,2023-03-09
40,774,Product461,75.24,9,75.24,2023-06-05
41,919,Product614,34.50,6,69.00,2023-01-09
42,563,Product442,68.88,9,275.52,2023-06-06
43,753,Product239,101.19,8,607.14,2023-05-31
44,671,Product408,64.93,4,454.51,2023-06-03
45,677,Product177,10.73,4,96.57,2023-03-28
46,959,Product318,24.69,8,24.69,2023-01-07
47,567,Product634,15.78,9,78.90,2023-10-17
48,301,Product515,46.55,6,325.85,2023-07-07
49,282,Product384,29.94,4,59.88,2023-07-12
50,579,Product949,50.86,9,406.88,2023-11-27
51,58,Product561,42.14,3,126.42,2023-05-29
52,679,Product1,69.35,4,624.15,2023-03-30
53,533,Product501,47.51,7,380.08,2023-07-19
54,226,Product999,99.38,2,894.42,2023-02-09
55,764,Product620,103.26,9,826.08,2023-06-06
56,169,Product133,30.01,9,240.08,2023-12-27
57,759,Product788,49.32,8,345.24,2023-01-30
58,49,Product827,13.67,3,13.67,2023-08-09
59,875,Product963,70.91,4,212.73,2023-12-21
60,838,Product839,45.31,2,226.55,2023-07-19
61,436,Product924,21.39,2,128.34,2023-04-17
62,516,Product682,50.24,6,200.96,2023-12-10
63,765,Product346,84.65,9,761.85,2023-08-18
64,819,Product780,52.64,1,526.40,2023-08-17
65,317,Product932,36.41,6,364.10,2023-01-12
66,986,Product160,40.46,10,283.22,2023-07-14
67,189,Product680,10.03,10,20.06,2023-12-05
68,909,Product830,63.56,6,635.60,2023-03-04
69,827,Product14,36.38,2,72.76,2023-07-03
70,881,Product411,85.10,4,340.40,2023-07-17
71,114,Product599,82.55,6,412.75,2023-09-24
72,558,Product448,83.03,8,249.09,2023-12-22
73,858,Product628,102.20,3,919.80,2023-05-20
74,659,Product498,78.31,3,391.55,2023-06-08
75,285,Product149,48.59,5,145.77,2023-01-14
76,898,Product976,45.62,5,364.96,2023-04-06
77,991,Product14,36.38,10,291.04,2023-01-18
78,697,Product210,51.39,5,205.56,2023-02-05
79,741,Product175,43.36,8,130.08,2023-04-21
80,332,Product287,63.92,7,191.76,2023-06-14
81,796,Product25,94.93,10,569.58,2023-08-04
82,505,Product205,26.11,6,26.11,2023-11-18
83,886,Product28,101.34,5,506.70,2023-02-01
84,303,Product520,38.96,6,272.72,2023-09-09
85,277,Product14,36.38,4,36.38,2023-04-18
86,290,Product415,79.26,5,317.04,2023-06-06
87,834,Product257,102.56,2,410.24,2023-02-07
88,333,Product849,42.93,7,128.79,2023-06-17
89,87,Product174,91.53,5,823.77,2023-02-21
90,453,Product944,27.77,3,277.70,2023-12-22
91,123,Product923,56.13,7,392.91,2023-07-24
92,506,Product258,14.88,6,14.88,2023-10-26
93,55,Product984,10.95,3,21.90,2023-02-15
94,592,Product769,77.09,10,770.90,2023-01-26
95,450,Product104,74.65,3,671.85,2023-09-10
96,109,Product416,109.17,6,436.68,2023-04-09
97,897,Product304,97.37,5,778.96,2023-02-19
98,55,Product827,13.67,3,27.34,2023-12-22
99,672,Product852,26.33,4,210.64,2023-10-17
100,518,Product910,67.55,6,270.20,2023-02-14
101,719,Product18,34.01,6,272.08,2023-03-11
102,896,Product599,82.55,5,577.85,2023-01-01
103,453,Product595,68.97,3,689.70,2023-12-14
104,825,Product939,28.97,2,57.94,2023-04-06
105,556,Product468,12.43,8,37.29,2023-09-17
106,466,Product337,44.76,4,134.28,2023-03-09
107,303,Product105,74.20,6,519.40,2023-09-17
108,403,Product771,52.27,1,470.43,2023-04-03
109,334,Product753,20.20,7,80.80,2023-09-01
110,495,Product583,65.77,5,591.93,2023-11-22
111,381,Product616,13.86,10,55.44,2023-02-23
112,908,Product281,59.27,6,592.70,2023-03-05
113,39,Product150,98.78,2,889.02,2023-06-21
114,898,Product279,102.40,5,819.20,2023-02-27
115,564,Product296,50.73,9,202.92,2023-06-28
116,675,Product941,63.08,4,567.72,2023-02-04
117,260,Product265,80.82,3,646.56,2023-09-04
118,978,Product158,107.35,9,644.10,2023-11-21
119,283,Product208,102.38,5,307.14,2023-11-14
120,68,Product657,67.12,4,335.60,2023-06-05
121,135,Product700,98.77,7,987.70,2023-09-11
122,22,Product871,88.06,1,440.30,2023-11-10
123,937,Product306,20.32,7,121.92,2023-11-06
124,975,Product929,48.82,9,244.10,2023-06-29
125,572,Product222,60.33,9,361.98,2023-03-30
126,186,Product672,51.51,10,51.51,2023-07-18
127,476,Product886,80.57,4,402.85,2023-02-11
128,738,Product98,107.04,7,214.08,2023-12-05
129,804,Product100,55.25,1,386.75,2023-03-30
130,376,Product971,29.14,9,87.42,2023-08-27
131,844,Product521,70.78,3,424.68,2023-12-21
132,315,Product473,34.93,6,349.30,2023-10-22
133,832,Product382,93.55,2,280.65,2023-12-06
134,894,Product34,76.82,5,537.74,2023-11-16
135,719,Product671,36.63,6,293.04,2023-03-24
136,52,Product937,25.49,3,50.98,2023-11-04
137,223,Product224,87.76,2,877.60,2023-02-28
138,802,Product385,33.70,1,235.90,2023-02-24
139,27,Product870,29.49,2,176.94,2023-04-26
140,482,Product243,46.76,5,280.56,2023-08-24
141,153,Product382,93.55,8,374.20,2023-04-09
142,809,Product88,66.12,1,528.96,2023-10-13
143,880,Product395,97.45,4,389.80,2023-06-14
144,911,Product174,91.53,6,91.53,2023-06-05
145,916,Product589,109.84,6,219.68,2023-11-30
146,151,Product439,26.55,8,106.20,2023-04-15
147,475,Product633,53.97,4,269.85,2023-01-12
148,531,Product640,38.49,7,269.43,2023-04-10
149,645,Product216,50.23,3,100.46,2023-01-17
150,728,Product915,90.63,7,906.30,2023-01-05
151,646,Product905,100.23,3,200.46,2023-04-05
152,541,Product320,51.72,8,465.48,2023-05-04
153,804,Product310,81.93,1,573.51,2023-03-09
154,399,Product749,61.59,10,492.72,2023-10-15
155,333,Product470,21.00,7,84.00,2023-07-17
156,189,Product444,40.94,10,81.88,2023-11-22
157,633,Product941,63.08,2,630.80,2023-01-25
158,107,Product519,86.60,6,346.40,2023-02-10
159,823,Product1000,108.71,2,108.71,2023-01-03
160,990,Product903,70.70,10,565.60,2023-11-30
161,510,Product253,18.61,6,37.22,2023-04-30
162,707,Product439,26.55,6,159.30,2023-01-06
163,997,Product829,93.85,10,938.50,2023-08-31
164,997,Product206,30.30,10,272.70,2023-07-12
165,304,Product320,51.72,6,362.04,2023-10-26
166,270,Product733,91.12,4,911.20,2023-08-15
167,494,Product267,94.34,5,849.06,2023-12-01
168,577,Product841,62.29,9,436.03,2023-09-17
169,913,Product80,62.39,6,62.39,2023-08-25
170,493,Product946,90.54,5,814.86,2023-09-19
171,201,Product762,63.46,10,253.84,2023-12-20
172,592,Product595,68.97,10,689.70,2023-02-01
173,289,Product144,70.39,5,281.56,2023-05-06
174,818,Product837,93.46,1,934.60,2023-08-31
175,915,Product290,94.48,6,188.96,2023-10-23
176,19,Product343,38.26,1,153.04,2023-09-15
177,419,Product379,58.12,1,116.24,2023-09-13
178,744,Product931,74.05,8,296.20,2023-07-30
179,611,Product343,38.26,1,191.30,2023-12-17
180,923,Product258,14.88,7,44.64,2023-07-26
181,755,Product374,95.98,8,575.88,2023-08-21
182,529,Product843,84.49,7,506.94,2023-01-29
183,275,Product427,55.25,4,55.25,2023-01-28
184,605,Product631,18.25,1,54.75,2023-05-24
185,587,Product41,60.82,10,547.38,2023-09-08
186,820,Product948,97.50,1,97.50,2023-11-09
187,779,Product482,106.72,9,106.72,2023-10-26
188,227,Product525,70.50,2,705.00,2023-06-20
189,157,Product581,27.90,8,139.50,2023-10-09
190,415,Product567,34.47,1,34.47,2023-04-12
191,137,Product812,34.66,7,346.60,2023-12-08
192,911,Product574,32.83,6,32.83,2023-06-02
193,838,Product34,76.82,2,384.10,2023-07-02
194,576,Product922,17.23,9,120.61,2023-07-12
195,882,Product557,88.93,4,355.72,2023-07-29
196,985,Product203,82.64,10,578.48,2023-07-21
197,837,Product449,19.23,2,76.92,2023-05-16
198,121,Product217,104.38,6,626.28,2023-03-06
199,807,Product289,82.08,1,656.64,2023-07-20
200,600,Product306,20.32,10,40.64,2023-12-12
201,521,Product993,72.90,6,364.50,2023-05-25
202,996,Product748,52.32,10,523.20,2023-08-02
203,64,Product823,63.08,4,252.32,2023-10-31
204,152,Product815,15.72,8,47.16,2023-03-29
205,697,Product992,87.98,5,351.92,2023-03-06
206,151,Product788,49.32,8,147.96,2023-03-06
207,52,Product67,44.76,3,89.52,2023-10-08
208,147,Product653,37.51,8,75.02,2023-10-24
209,531,Product715,64.53,7,451.71,2023-03-06
210,293,Product129,19.13,5,95.65,2023-10-13
211,936,Product91,62.81,7,376.86,2023-07-20
212,429,Product371,99.54,2,497.70,2023-09-12
213,271,Product756,76.20,4,762.00,2023-08-14
214,126,Product24,63.88,7,511.04,2023-11-01
215,931,Product686,29.40,7,147.00,2023-05-13
216,240,Product526,63.82,2,191.46,2023-09-10
217,964,Product118,62.80,9,125.60,2023-06-09
218,34,Product465,21.79,2,174.32,2023-02-13
219,732,Product602,94.87,7,94.87,2023-06-17
220,573,Product600,105.71,9,634.26,2023-03-21
221,657,Product214,10.85,3,54.25,2023-04-05
222,187,Product168,41.57,10,41.57,2023-09-01
223,272,Product149,48.59,4,485.90,2023-10-14
224,182,Product272,17.63,10,176.30,2023-03-20
225,946,Product45,48.53,8,388.24,2023-10-08
226,399,Product976,45.62,10,364.96,2023-10-23
227,908,Product443,13.20,6,132.00,2023-03-14
228,914,Product829,93.85,6,93.85,2023-10-17
229,273,Product605,37.61,4,376.10,2023-09-22
230,404,Product314,76.73,1,690.57,2023-03-08
231,213,Product375,22.34,1,156.38,2023-01-18
232,606,Product22,69.90,1,279.60,2023-06-17
233,496,Product391,75.74,5,757.40,2023-01-29
234,5,Product864,44.86,1,44.86,2023-05-06
235,431,Product864,44.86,2,224.30,2023-09-11
236,3,Product649,16.80,1,16.80,2023-03-28
237,760,Product32,13.06,8,91.42,2023-01-20
238,439,Product699,74.36,2,520.52,2023-08-11
239,896,Product418,75.65,5,529.55,2023-09-15
240,686,Product214,10.85,5,10.85,2023-01-03
241,166,Product1,69.35,9,485.45,2023-09-07
242,182,Product804,33.26,10,332.60,2023-02-28
243,835,Product925,11.31,2,45.24,2023-04-17
244,726,Product877,101.55,7,1015.50,2023-11-29
245,867,Product877,101.55,4,101.55,2023-04-30
246,509,Product118,62.80,6,125.60,2023-05-02
247,880,Product133,30.01,4,120.04,2023-07-12
248,849,Product747,71.39,3,499.73,2023-07-06
249,127,Product756,76.20,7,609.60,2023-12-04
250,566,Product898,14.06,9,70.30,2023-09-17
251,67,Product332,109.34,4,546.70,2023-02-24
252,322,Product778,89.00,7,89.00,2023-06-05
253,926,Product113,17.73,7,70.92,2023-11-17
254,363,Product9,20.05,9,200.50,2023-05-12
255,489,Product607,75.72,5,605.76,2023-05-14
256,125,Product129,19.13,7,153.04,2023-10-23
257,319,Product568,43.68,6,436.80,2023-02-10
258,277,Product947,79.07,4,79.07,2023-03-25
259,951,Product822,60.47,8,604.70,2023-04-06
260,606,Product96,49.99,1,199.96,2023-06-11
261,450,Product222,60.33,3,542.97,2023-09-20
262,84,Product738,12.86,5,115.74,2023-11-07
263,832,Product31,64.45,2,193.35,2023-11-18
264,423,Product339,48.09,2,144.27,2023-01-18
265,500,Product12,53.83,5,538.30,2023-04-11
266,461,Product51,87.35,4,174.70,2023-09-16
267,471,Product652,85.87,4,343.48,2023-08-22
268,776,Product218,41.13,9,41.13,2023-07-16
269,850,Product623,57.65,3,403.55,2023-08-04
270,792,Product825,62.78,10,313.90,2023-02-28
271,610,Product561,42.14,1,168.56,2023-11-10
272,22,Product75,102.77,2,513.85,2023-01-09
273,740,Product351,26.64,7,79.92,2023-03-26
274,841,Product673,59.10,2,295.50,2023-10-16
275,464,Product425,50.26,4,100.52,2023-01-15
276,779,Product320,51.72,9,51.72,2023-08-10
277,971,Product348,98.02,9,392.08,2023-03-05
278,360,Product815,15.72,8,141.48,2023-02-10
279,484,Product496,100.18,5,701.26,2023-11-03
280,331,Product887,59.27,7,177.81,2023-05-22
281,5,Product858,20.45,1,20.45,2023-06-01
282,405,Product758,59.39,1,534.51,2023-05-26
283,513,Product49,79.56,6,238.68,2023-08-11
284,435,Product948,97.50,2,585.00,2023-04-11
285,616,Product641,95.72,1,574.32,2023-05-24
286,306,Product556,82.91,6,580.37,2023-10-07
287,434,Product153,61.35,2,368.10,2023-02-28
288,410,Product907,42.73,1,427.30,2023-11-02
289,469,Product574,32.83,4,98.49,2023-05-21
290,18,Product911,46.29,1,185.16,2023-07-17
291,771,Product437,105.28,9,1052.80,2023-02-02
292,42,Product399,12.88,3,115.92,2023-11-01
293,583,Product792,46.11,10,414.99,2023-04-16
294,427,Product331,92.55,2,370.20,2023-06-21
295,812,Product364,12.03,1,108.27,2023-02-14
296,467,Product70,106.74,4,320.22,2023-04-27
297,265,Product642,82.40,4,659.20,2023-01-01
298,458,Product300,66.28,3,66.28,2023-05-01
299,649,Product978,60.23,3,180.69,2023-07-06
300,450,Product858,20.45,3,184.05,2023-08-26
301,909,Product80,62.39,6,623.90,2023-04-28
302,636,Product228,25.92,2,259.20,2023-05-10
303,411,Product35,66.49,1,66.49,2023-11-18
304,315,Product529,76.90,6,769.00,2023-10-24
305,155,Product218,41.13,8,164.52,2023-08-07
306,112,Product129,19.13,6,95.65,2023-06-06
307,450,Product970,76.88,3,691.92,2023-08-29
308,476,Product861,39.56,4,158.24,2023-11-23
309,879,Product576,102.03,4,408.12,2023-05-26
310,650,Product414,22.97,3,68.91,2023-08-12
311,223,Product689,76.37,2,687.33,2023-01-21
312,876,Product413,29.69,4,89.07,2023-02-20
313,149,Product948,97.50,8,292.50,2023-01-29
314,602,Product793,108.74,1,326.22,2023-01-21
315,873,Product747,71.39,4,142.78,2023-10-22
316,243,Product769,77.09,3,308.36,2023-12-29
317,869,Product416,109.17,4,109.17,2023-06-05
318,398,Product851,86.07,10,688.56,2023-10-14
319,687,Product650,20.90,5,41.80,2023-04-01
320,961,Product148,14.93,9,29.86,2023-04-06
321,400,Product487,48.90,10,391.20,2023-12-06
322,690,Product70,106.74,5,213.48,2023-06-30
323,965,Product12,53.83,9,161.49,2023-07-29
324,92,Product274,63.80,5,63.80,2023-08-29
325,784,Product282,23.57,10,70.71,2023-06-01
326,853,Product325,84.76,3,678.08,2023-12-15
327,456,Product353,11.53,3,11.53,2023-04-09
328,145,Product726,82.79,8,165.58,2023-07-20
329,788,Product239,101.19,10,404.76,2023-09-14
330,59,Product580,100.32,3,300.96,2023-07-11
331,789,Product795,91.55,10,366.20,2023-11-19
332,644,Product280,45.83,3,91.66,2023-01-22
333,141,Product200,29.24,7,29.24,2023-03-25
334,927,Product424,44.07,7,176.28,2023-01-02
335,168,Product244,16.18,9,113.26,2023-11-28
336,340,Product440,57.69,7,288.45,2023-03-05
337,614,Product397,88.97,1,444.85,2023-04-03
338,281,Product279,102.40,4,204.80,2023-07-12
339,749,Product878,39.18,8,195.90,2023-02-05
340,760,Product744,62.51,8,437.57,2023-01-28
341,142,Product193,45.62,7,45.62,2023-04-03
342,482,Product623,57.65,5,345.90,2023-09-07
343,227,Product127,60.95,2,609.50,2023-02-28
344,457,Product771,52.27,3,52.27,2023-04-30
345,598,Product785,59.11,10,118.22,2023-10-06
346,386,Product689,76.37,10,381.85,2023-08-15
347,83,Product507,53.69,5,429.52,2023-08-11
348,606,Product644,36.30,1,145.20,2023-07-13
349,126,Product461,75.24,7,601.92,2023-09-07
350,790,Product880,28.21,10,112.84,2023-12-16
351,538,Product391,75.74,7,681.66,2023-12-29
352,135,Product168,41.57,7,415.70,2023-09-27
353,703,Product163,97.46,6,487.30,2023-09-22
354,539,Product436,28.85,7,259.65,2023-01-29
355,505,Product795,91.55,6,91.55,2023-11-05
356,274,Product600,105.71,4,1057.10,2023-09-05
357,779,Product603,32.28,9,64.56,2023-01-01
358,827,Product378,20.85,2,41.70,2023-07-09
359,597,Product140,44.93,10,89.86,2023-09-01
360,44,Product837,93.46,3,934.60,2023-01-03
361,526,Product201,48.24,7,289.44,2023-11-27
362,193,Product761,96.71,10,290.13,2023-04-03
363,479,Product674,69.37,4,346.85,2023-04-23
364,976,Product25,94.93,9,474.65,2023-08-22
365,653,Product715,64.53,3,193.59,2023-09-22
366,420,Product800,79.51,1,238.53,2023-11-16
367,712,Product330,17.67,6,123.69,2023-06-18
368,588,Product361,47.05,10,470.50,2023-10-01
369,950,Product31,64.45,8,580.05,2023-02-22
370,921,Product630,20.87,6,62.61,2023-04-20
371,118,Product1,69.35,6,416.10,2023-02-20
372,411,Product509,106.86,1,106.86,2023-12-10
373,599,Product638,93.93,10,187.86,2023-11-04
374,968,Product502,96.50,9,289.50,2023-10-02
375,32,Product376,70.57,2,493.99,2023-08-07
376,369,Product43,26.19,9,26.19,2023-10-17
377,293,Product421,51.11,5,204.44,2023-08-06
378,532,Product663,51.44,7,360.08,2023-06-07
379,48,Product533,61.34,3,61.34,2023-07-09
380,671,Product967,26.24,4,209.92,2023-09-02
381,629,Product467,61.14,2,550.26,2023-08-08
382,596,Product361,47.05,10,47.05,2023-07-12
383,12,Product868,31.95,1,95.85,2023-01-26
384,55,Product532,19.41,3,38.82,2023-01-17
385,129,Product49,79.56,7,636.48,2023-02-02
386,182,Product768,41.43,10,414.30,2023-03-06
387,363,Product994,103.22,9,1032.20,2023-06-17
388,86,Product927,22.96,5,206.64,2023-02-02
389,903,Product636,26.77,6,240.93,2023-10-02
390,28,Product884,89.08,2,623.56,2023-08-11
391,916,Product419,108.77,6,217.54,2023-10-25
392,4,Product756,76.20,1,76.20,2023-05-01
393,150,Product26,38.73,8,116.19,2023-02-23
394,1,Product256,71.52,10,715.20,2023-12-07
395,306,Product769,77.09,6,616.72,2023-01-02
396,736,Product667,23.69,7,47.38,2023-11-19
397,289,Product173,56.19,5,168.57,2023-02-13
398,260,Product284,62.94,3,440.58,2023-06-26
399,139,Product331,92.55,7,925.50,2023-12-03
400,418,Product177,10.73,1,21.46,2023-05-22
401,649,Product320,51.72,3,155.16,2023-08-05
402,138,Product306,20.32,7,20.32,2023-01-08
403,549,Product838,98.76,8,98.76,2023-02-16
404,302,Product249,88.42,6,618.94,2023-08-23
405,195,Product207,50.79,10,152.37,2023-06-08
406,503,Product930,42.28,6,42.28,2023-08-23
407,529,Product116,17.28,7,120.96,2023-03-09
408,508,Product35,66.49,6,132.98,2023-03-18
409,327,Product817,101.82,7,203.64,2023-10-22
410,266,Product934,54.97,4,494.73,2023-03-14
411,37,Product993,72.90,2,583.20,2023-05-11
412,792,Product372,44.93,10,224.65,2023-03-19
413,563,Product887,59.27,9,237.08,2023-05-08
414,852,Product309,53.46,3,427.68,2023-11-10
415,590,Product699,74.36,10,743.60,2023-12-15
416,721,Product310,81.93,7,737.37,2023-06-15
417,56,Product100,55.25,3,165.75,2023-03-08
418,268,Product872,17.77,4,159.93,2023-06-02
419,26,Product371,99.54,2,597.24,2023-05-06
420,804,Product588,44.23,1,309.61,2023-04-24
421,997,Product333,54.60,10,546.00,2023-09-11
422,129,Product431,21.55,7,193.95,2023-03-18
423,96,Product191,70.86,5,70.86,2023-01-03
424,596,Product489,106.65,10,106.65,2023-07-18
425,491,Product337,44.76,5,358.08,2023-08-02
426,107,Product125,26.86,6,107.44,2023-02-04
427,813,Product537,29.50,1,265.50,2023-01-18
428,205,Product473,34.93,1,174.65,2023-04-19
429,279,Product525,70.50,4,141.00,2023-05-31
430,260,Product375,22.34,3,156.38,2023-07-18
431,729,Product678,25.69,7,25.69,2023-03-06
432,88,Product932,36.41,5,364.10,2023-05-07
433,11,Product874,95.77,1,287.31,2023-12-10
434,34,Product657,67.12,2,536.96,2023-02-22
435,369,Product970,76.88,9,76.88,2023-12-08
436,750,Product945,27.92,8,139.60,2023-02-13
437,78,Product21,45.86,4,366.88,2023-05-09
438,884,Product954,26.11,4,104.44,2023-07-20
439,811,Product185,65.68,1,525.44,2023-10-30
440,950,Product462,71.18,8,640.62,2023-01-02
441,478,Product597,13.93,4,83.58,2023-05-23
442,801,Product165,52.70,1,368.90,2023-01-09
443,524,Product702,49.69,7,298.14,2023-09-20
444,484,Product960,87.99,5,615.93,2023-11-27
445,570,Product53,107.96,9,539.80,2023-12-03
446,343,Product271,54.62,8,327.72,2023-06-07
447,54,Product314,76.73,3,153.46,2023-12-07
448,994,Product298,88.00,10,792.00,2023-06-04
449,825,Product875,34.31,2,68.62,2023-04-10
450,182,Product871,88.06,10,880.60,2023-02-19
451,682,Product925,11.31,5,113.10,2023-08-23
452,958,Product401,102.33,8,102.33,2023-12-12
453,555,Product249,88.42,8,176.84,2023-08-06
454,674,Product873,55.04,4,440.32,2023-11-23
455,36,Product13,63.73,2,509.84,2023-04-18
456,317,Product200,29.24,6,292.40,2023-12-15
457,473,Product11,74.34,4,297.36,2023-10-17
458,361,Product885,109.07,9,1090.70,2023-04-07
459,163,Product565,23.27,9,139.62,2023-06-07
460,850,Product294,17.30,3,121.10,2023-09-14
461,657,Product575,62.50,3,312.50,2023-04-10
462,980,Product445,69.12,9,414.72,2023-02-03
463,521,Product854,50.94,7,254.70,2023-06-10
464,94,Product692,61.48,5,61.48,2023-08-25
465,923,Product308,71.54,7,214.62,2023-08-08
466,315,Product109,107.70,6,1077.00,2023-11-11
467,887,Product382,93.55,5,467.75,2023-02-10
468,401,Product112,88.80,1,799.20,2023-01-26
469,352,Product341,59.89,8,479.12,2023-05-13
470,381,Product86,17.16,9,68.64,2023-01-03
471,704,Product430,44.56,6,222.80,2023-10-21
472,780,Product680,10.03,9,20.06,2023-01-21
473,558,Product574,32.83,8,98.49,2023-12-22
474,274,Product797,85.15,4,851.50,2023-10-15
475,353,Product805,13.02,8,104.16,2023-06-23
476,637,Product356,63.19,2,63.19,2023-06-18
477,293,Product104,74.65,5,373.25,2023-09-19
478,668,Product965,97.61,4,683.27,2023-05-27
479,210,Product617,82.38,1,576.66,2023-12-07
480,559,Product842,54.48,8,163.44,2023-12-25
481,671,Product176,10.05,4,80.40,2023-07-16
482,842,Product652,85.87,3,515.22,2023-11-21
483,305,Product577,86.12,6,602.84,2023-11-15
484,183,Product230,34.36,10,34.36,2023-04-30
485,589,Product775,65.99,10,659.90,2023-11-06
486,75,Product697,89.87,4,629.09,2023-11-29
487,511,Product99,105.72,6,317.16,2023-06-08
488,910,Product876,100.02,6,100.02,2023-06-10
489,306,Product277,87.07,6,696.56,2023-12-28
490,33,Product175,43.36,2,346.88,2023-01-15
491,100,Product69,39.70,5,79.40,2023-06-13
492,641,Product880,28.21,2,28.21,2023-10-08
493,316,Product771,52.27,6,522.70,2023-12-05
494,868,Product233,58.82,4,58.82,2023-06-02
495,506,Product879,40.57,6,40.57,2023-09-18
496,834,Product163,97.46,2,292.38,2023-12-24
497,448,Product82,92.00,3,828.00,2023-06-22
498,35,Product537,29.50,2,236.00,2023-01-29
499,648,Product445,69.12,3,207.36,2023-06-20
500,31,Product588,44.23,2,309.61,2023-11-12
501,10,Product892,60.80,1,182.40,2023-11-18
502,408,Product407,55.28,1,552.80,2023-08-26
503,740,Product54,31.83,7,95.49,2023-03-14
504,755,Product762,63.46,8,380.76,2023-06-17
505,457,Product511,94.13,3,941.30,2023-02-25
506,592,Product703,98.45,10,984.50,2023-12-29
507,922,Product614,34.50,7,103.50,2023-06-30
508,652,Product395,97.45,3,389.80,2023-10-10
509,447,Product582,37.20,3,334.80,2023-04-27
510,648,Product475,83.81,3,251.43,2023-05-25
511,349,Product285,85.59,8,599.13,2023-01-04
512,660,Product463,85.21,3,426.05,2023-07-20
513,888,Product208,102.38,5,614.28,2023-04-09
514,330,Product557,88.93,7,266.79,2023-04-30
515,683,Product815,15.72,5,15.72,2023-10-21
516,823,Product26,38.73,2,38.73,2023-01-12
517,251,Product438,50.74,3,304.44,2023-10-20
518,935,Product785,59.11,7,354.66,2023-10-16
519,976,Product323,25.21,9,126.05,2023-08-17
520,733,Product214,10.85,7,10.85,2023-03-31
521,320,Product900,54.04,6,54.04,2023-04-15
522,698,Product97,70.89,5,283.56,2023-03-19
523,916,Product219,51.96,6,103.92,2023-12-08
524,628,Product483,55.60,2,500.40,2023-08-24
525,500,Product900,54.04,5,540.40,2023-06-18
526,862,Product133,30.01,4,300.10,2023-09-07
527,771,Product283,24.48,9,244.80,2023-03-14
528,712,Product883,10.38,6,72.66,2023-08-01
529,646,Product185,65.68,3,131.36,2023-04-11
530,464,Product957,59.61,4,119.22,2023-11-17
531,601,Product929,48.82,1,146.46,2023-01-21
532,88,Product993,72.90,5,729.00,2023-04-16
533,355,Product193,45.62,8,364.96,2023-08-10
534,127,Product354,25.38,7,203.04,2023-10-05
535,311,Product461,75.24,6,677.16,2023-07-15
536,927,Product177,10.73,7,42.92,2023-01-16
537,59,Product844,24.98,3,74.94,2023-07-28
538,109,Product400,100.44,6,401.76,2023-04-01
539,507,Product579,65.34,6,130.68,2023-02-08
540,330,Product450,28.16,7,84.48,2023-04-14
541,574,Product787,82.52,9,495.12,2023-05-21
542,842,Product112,88.80,3,444.00,2023-11-08
543,23,Product666,70.25,2,351.25,2023-01-25
544,962,Product90,80.60,9,161.20,2023-04-19
545,186,Product183,10.63,10,10.63,2023-07-31
546,466,Product204,108.41,4,325.23,2023-03-31
547,887,Product944,27.77,5,138.85,2023-01-24
548,718,Product402,50.42,6,403.36,2023-01-18
549,711,Product989,20.38,6,122.28,2023-04-01
550,415,Product588,44.23,1,44.23,2023-03-21
551,763,Product661,38.68,9,309.44,2023-05-12
552,519,Product700,98.77,6,395.08,2023-03-16
553,530,Product271,54.62,7,382.34,2023-03-12
554,465,Product327,20.06,4,60.18,2023-01-25
555,293,Product295,94.55,5,472.75,2023-09-16
556,262,Product883,10.38,4,83.04,2023-11-01
557,534,Product564,62.32,7,498.56,2023-07-29
558,195,Product120,31.27,10,93.81,2023-04-02
559,768,Product80,62.39,9,561.51,2023-11-09
560,778,Product213,10.93,9,21.86,2023-11-12
561,845,Product689,76.37,3,458.22,2023-03-12
562,301,Product366,86.07,5,516.42,2023-05-31
563,722,Product803,36.56,7,329.04,2023-07-02
564,118,Product855,56.66,6,339.96,2023-01-07
565,260,Product247,100.63,3,805.04,2023-08-13
566,658,Product39,105.24,3,526.20,2023-06-24
567,793,Product200,29.24,10,146.20,2023-04-24
568,166,Product675,96.00,9,672.00,2023-08-05
569,428,Product489,106.65,2,426.60,2023-07-09
570,750,Product917,98.43,8,492.15,2023-02-27
571,125,Product116,17.28,7,138.24,2023-09-30
572,877,Product440,57.69,4,173.07,2023-03-05
573,18,Product128,71.45,1,285.80,2023-08-22
574,87,Product346,84.65,5,761.85,2023-02-26
575,267,Product295,94.55,4,850.95,2023-03-28
576,785,Product9,20.05,10,60.15,2023-06-19
577,28,Product427,55.25,2,331.50,2023-08-01
578,809,Product270,92.24,1,737.92,2023-10-18
579,565,Product205,26.11,9,130.55,2023-08-30
580,211,Product509,106.86,1,748.02,2023-12-17
581,528,Product915,90.63,7,543.78,2023-01-20
582,725,Product60,35.13,7,351.30,2023-09-05
583,490,Product94,50.98,5,407.84,2023-05-31
584,987,Product324,10.61,10,74.27,2023-08-12
585,349,Product679,12.17,8,85.19,2023-02-08
586,423,Product678,25.69,2,77.07,2023-02-13
587,74,Product884,89.08,4,534.48,2023-11-21
588,826,Product228,25.92,2,51.84,2023-06-06
589,937,Product796,99.95,7,599.70,2023-11-17
590,575,Product757,107.11,9,749.77,2023-06-07
591,564,Product628,102.20,9,408.80,2023-06-28
592,734,Product920,34.32,7,68.64,2023-09-04
593,184,Product400,100.44,10,100.44,2023-05-25
594,302,Product407,55.28,6,386.96,2023-07-30
595,636,Product332,109.34,2,1093.40,2023-04-24
596,585,Product643,14.10,10,126.90,2023-07-23
597,813,Product349,22.41,1,201.69,2023-03-11
598,209,Product251,67.61,1,405.66,2023-10-02
599,481,Product703,98.45,5,590.70,2023-09-05
600,91,Product528,108.38,5,1083.80,2023-08-03
601,769,Product566,91.26,9,821.34,2023-12-17
602,199,Product29,11.35,10,45.40,2023-10-05
603,880,Product705,55.94,4,223.76,2023-06-23
604,672,Product645,72.77,4,582.16,2023-10-18
605,455,Product19,20.91,3,209.10,2023-01-21
606,323,Product286,69.70,7,69.70,2023-07-05
607,935,Product864,44.86,7,269.16,2023-09-24
608,366,Product263,45.90,9,45.90,2023-08-25
609,917,Product305,20.35,6,40.70,2023-01-09
610,97,Product241,11.52,5,11.52,2023-12-29
611,279,Product518,101.82,4,203.64,2023-05-25
612,363,Product349,22.41,9,224.10,2023-05-10
613,456,Product310,81.93,3,81.93,2023-04-01
614,706,Product862,30.71,6,184.26,2023-01-12
615,40,Product116,17.28,2,155.52,2023-09-03
616,404,Product434,10.30,1,92.70,2023-05-01
617,650,Product561,42.14,3,126.42,2023-08-28
618,415,Product316,38.34,1,76.68,2023-04-26
619,215,Product715,64.53,1,516.24,2023-05-13
620,332,Product698,24.91,7,74.73,2023-05-19
621,51,Product247,100.63,3,100.63,2023-09-23
622,795,Product949,50.86,10,254.30,2023-06-26
623,690,Product455,62.76,5,125.52,2023-05-31
624,117,Product926,32.36,6,194.16,2023-01-14
625,640,Product243,46.76,2,46.76,2023-09-09
626,305,Product960,87.99,6,615.93,2023-12-01
627,860,Product80,62.39,3,561.51,2023-07-07
628,700,Product878,39.18,5,156.72,2023-06-26
629,433,Product695,27.69,2,166.14,2023-01-22
630,209,Product295,94.55,1,567.30,2023-09-27
631,233,Product404,47.89,2,47.89,2023-01-06
632,430,Product768,41.43,2,165.72,2023-07-29
633,949,Product197,26.19,8,235.71,2023-02-04
634,26,Product261,94.47,2,566.82,2023-04-11
635,236,Product817,101.82,2,203.64,2023-02-21
636,85,Product669,25.85,5,232.65,2023-01-05
637,694,Product772,86.04,5,258.12,2023-10-16
638,360,Product490,24.16,8,217.44,2023-01-30
639,447,Product179,56.95,3,512.55,2023-04-30
640,635,Product432,18.45,2,184.50,2023-02-21
641,383,Product774,48.70,10,243.50,2023-04-28
642,895,Product720,109.02,5,763.14,2023-01-01
643,19,Product197,26.19,1,130.95,2023-09-29
644,212,Product511,94.13,1,658.91,2023-01-18
645,441,Product877,101.55,3,710.85,2023-11-04
646,323,Product928,55.02,7,55.02,2023-08-05
647,618,Product891,70.99,1,425.94,2023-08-20
648,253,Product974,50.33,3,301.98,2023-12-27
649,687,Product492,68.30,5,68.30,2023-03-02
650,604,Product339,48.09,1,144.27,2023-05-16
651,561,Product577,86.12,9,344.48,2023-03-20
652,438,Product11,74.34,2,520.38,2023-06-21
653,36,Product124,57.85,2,462.80,2023-04-27
654,201,Product391,75.74,1,378.70,2023-01-22
655,252,Product197,26.19,3,157.14,2023-10-25
656,910,Product566,91.26,6,912.60,2023-05-02
657,534,Product213,10.93,7,76.51,2023-06-15
658,643,Product681,91.08,3,182.16,2023-12-25
659,606,Product214,10.85,1,43.40,2023-07-01
660,162,Product450,28.16,9,168.96,2023-04-25
661,489,Product290,94.48,5,755.84,2023-04-08
662,362,Product248,41.27,9,412.70,2023-04-07
663,210,Product639,82.83,1,496.98,2023-10-17
664,881,Product862,30.71,4,122.84,2023-07-30
665,577,Product537,29.50,9,206.50,2023-09-20
666,237,Product905,100.23,2,300.69,2023-06-19
667,97,Product827,13.67,5,27.34,2023-02-27
668,804,Product623,57.65,1,403.55,2023-04-11
669,407,Product220,27.12,1,271.20,2023-08-02
670,371,Product853,35.68,9,71.36,2023-03-17
671,576,Product101,108.39,9,758.73,2023-08-25
672,352,Product795,91.55,8,732.40,2023-04-26
673,310,Product901,98.04,6,784.32,2023-04-02
674,840,Product664,87.12,2,435.60,2023-08-20
675,971,Product797,85.15,9,340.60,2023-01-31
676,708,Product661,38.68,6,232.08,2023-03-23
677,958,Product902,86.48,8,86.48,2023-11-26
678,971,Product961,52.04,9,208.16,2023-02-24
679,112,Product681,91.08,6,455.40,2023-07-06
680,617,Product714,11.26,1,67.56,2023-07-09
681,931,Product666,70.25,7,351.25,2023-05-02
682,38,Product814,66.27,2,596.43,2023-07-12
683,957,Product69,39.70,8,397.00,2023-09-01
684,893,Product712,15.04,5,105.28,2023-10-12
685,982,Product641,95.72,9,574.32,2023-01-24
686,265,Product915,90.63,4,815.67,2023-01-26
687,615,Product741,87.20,1,436.00,2023-04-17
688,968,Product170,54.22,9,162.66,2023-11-05
689,30,Product345,63.15,2,442.05,2023-10-16
690,680,Product244,16.18,4,161.80,2023-06-05
691,584,Product768,41.43,10,372.87,2023-05-30
692,148,Product864,44.86,8,134.58,2023-12-26
693,476,Product684,108.48,4,542.40,2023-02-01
694,344,Product151,49.58,8,297.48,2023-08-24
695,390,Product627,21.96,10,131.76,2023-10-28
696,639,Product727,61.51,2,61.51,2023-08-24
697,806,Product8,20.37,1,162.96,2023-06-23
698,654,Product882,90.91,3,363.64,2023-12-24
699,593,Product335,20.92,10,20.92,2023-03-29
700,982,Product763,45.38,10,272.28,2023-03-05
701,389,Product547,11.63,10,69.78,2023-10-18
702,230,Product834,109.78,2,109.78,2023-10-20
703,307,Product741,87.20,6,697.60,2023-02-15
704,839,Product362,90.50,2,362.00,2023-05-30
705,883,Product432,18.45,5,73.80,2023-08-07
706,544,Product785,59.11,8,591.10,2023-07-28
707,403,Product789,104.48,1,940.32,2023-02-20
708,240,Product587,26.73,2,80.19,2023-09-13
709,285,Product680,10.03,5,30.09,2023-11-06
710,719,Product923,56.13,6,449.04,2023-01-31
711,852,Product607,75.72,3,605.76,2023-10-22
712,388,Product817,101.82,10,610.92,2023-10-15
713,604,Product191,70.86,1,212.58,2023-03-15
714,323,Product601,75.59,7,75.59,2023-08-07
715,330,Product678,25.69,7,77.07,2023-05-06
716,258,Product258,14.88,3,104.16,2023-05-26
717,776,Product428,45.15,9,45.15,2023-09-08
718,443,Product752,80.02,3,640.16,2023-12-06
719,386,Product251,67.61,10,338.05,2023-08-14
720,824,Product220,27.12,2,27.12,2023-02-04
721,843,Product88,66.12,3,396.72,2023-01-05
722,303,Product221,57.60,6,403.20,2023-09-24
723,715,Product147,71.68,6,501.76,2023-10-14
724,443,Product920,34.32,3,274.56,2023-12-23
725,114,Product638,93.93,6,469.65,2023-09-24
726,433,Product966,99.72,2,498.60,2023-10-24
727,261,Product701,17.29,4,138.32,2023-09-27
728,576,Product374,95.98,9,671.86,2023-09-01
729,623,Product896,87.14,2,609.98,2023-01-24
730,943,Product373,67.92,8,543.36,2023-06-25
731,350,Product295,94.55,8,661.85,2023-01-21
732,383,Product992,87.98,10,351.92,2023-04-05
733,740,Product756,76.20,7,228.60,2023-03-11
734,690,Product55,43.09,5,86.18,2023-06-08
735,169,Product397,88.97,9,711.76,2023-12-25
736,403,Product844,24.98,1,224.82,2023-03-09
737,153,Product685,68.20,8,272.80,2023-06-01
738,643,Product463,85.21,3,170.42,2023-01-09
739,154,Product860,25.65,8,102.60,2023-06-24
740,670,Product59,74.83,4,598.64,2023-07-29
741,468,Product950,98.90,4,296.70,2023-05-03
742,886,Product94,50.98,5,254.90,2023-01-14
743,458,Product683,44.77,3,44.77,2023-04-28
744,761,Product184,23.76,8,190.08,2023-02-11
745,832,Product473,34.93,2,104.79,2023-12-28
746,682,Product92,78.10,5,781.00,2023-08-30
747,892,Product4,74.25,5,519.75,2023-08-27
748,34,Product925,11.31,2,79.17,2023-11-04
749,884,Product819,40.40,5,202.00,2023-12-21
750,473,Product160,40.46,4,161.84,2023-11-24
751,656,Product30,13.50,3,67.50,2023-03-24
752,810,Product101,108.39,1,975.51,2023-11-20
753,38,Product166,49.30,2,394.40,2023-04-03
754,418,Product714,11.26,1,22.52,2023-09-03
755,438,Product673,59.10,2,413.70,2023-07-12
756,294,Product361,47.05,5,235.25,2023-11-30
757,132,Product344,47.24,7,425.16,2023-06-14
758,544,Product686,29.40,8,294.00,2023-06-27
759,236,Product459,92.74,2,185.48,2023-05-06
760,443,Product46,23.17,3,185.36,2023-12-17
761,717,Product64,70.06,6,560.48,2023-01-13
762,314,Product107,54.31,6,488.79,2023-10-12
763,237,Product366,86.07,2,172.14,2023-06-12
764,672,Product499,70.00,4,560.00,2023-09-23
765,404,Product849,42.93,1,386.37,2023-03-24
766,105,Product530,95.65,6,286.95,2023-12-03
767,956,Product274,63.80,8,638.00,2023-08-21
768,724,Product634,15.78,7,157.80,2023-10-02
769,918,Product94,50.98,6,101.96,2023-02-27
770,879,Product529,76.90,4,307.60,2023-06-15
771,342,Product282,23.57,8,117.85,2023-04-26
772,163,Product612,96.41,9,578.46,2023-06-08
773,217,Product593,94.23,1,753.84,2023-07-07
774,536,Product673,59.10,7,472.80,2023-10-29
775,266,Product10,107.62,4,968.58,2023-03-26
776,479,Product656,60.34,4,301.70,2023-04-11
777,223,Product163,97.46,2,877.14,2023-01-22
778,633,Product723,24.48,2,220.32,2023-12-26
779,619,Product88,66.12,1,396.72,2023-09-08
780,206,Product499,70.00,1,420.00,2023-07-03
781,961,Product417,70.96,9,141.92,2023-03-17
782,296,Product638,93.93,5,469.65,2023-01-15
783,217,Product99,105.72,1,845.76,2023-06-11
784,166,Product804,33.26,9,232.82,2023-08-09
785,840,Product102,72.19,2,360.95,2023-09-20
786,1000,Product667,23.69,10,236.90,2023-11-30
787,223,Product194,26.18,2,235.62,2023-01-24
788,498,Product339,48.09,5,432.81,2023-01-23
789,377,Product227,44.39,9,133.17,2023-10-08
790,24,Product18,34.01,2,170.05,2023-02-05
791,533,Product705,55.94,7,391.58,2023-05-17
792,487,Product628,102.20,5,715.40,2023-03-04
793,116,Product295,94.55,6,567.30,2023-12-26
794,646,Product514,32.89,3,65.78,2023-04-07
795,546,Product800,79.51,8,795.10,2023-10-06
796,991,Product867,74.96,10,599.68,2023-01-29
797,89,Product253,18.61,5,186.10,2023-05-04
798,429,Product830,63.56,2,317.80,2023-09-12
799,839,Product473,34.93,2,174.65,2023-08-11
800,963,Product617,82.38,8,164.76,2023-02-17
801,172,Product696,43.63,9,349.04,2023-02-19
802,254,Product956,82.01,3,492.06,2023-01-22
803,622,Product866,89.14,2,623.98,2023-12-18
804,885,Product131,15.42,5,77.10,2023-10-24
805,128,Product386,80.82,7,646.56,2023-01-31
806,33,Product395,97.45,2,779.60,2023-02-10
807,32,Product254,18.62,2,130.34,2023-12-30
808,92,Product420,95.79,5,957.90,2023-08-20
809,748,Product501,47.51,8,237.55,2023-12-19
810,196,Product550,58.26,10,233.04,2023-08-14
811,435,Product24,63.88,2,383.28,2023-03-29
812,2,Product621,12.26,1,12.26,2023-02-07
813,819,Product43,26.19,1,26.19,2023-10-05
814,684,Product375,22.34,5,22.34,2023-11-09
815,503,Product57,24.12,6,24.12,2023-09-01
816,898,Product801,98.96,5,791.68,2023-04-03
817,111,Product197,26.19,6,104.76,2023-04-24
818,972,Product219,51.96,9,207.84,2023-03-07
819,88,Product531,35.28,5,352.80,2023-04-18
820,836,Product924,21.39,2,85.56,2023-05-10
821,133,Product466,28.80,7,288.00,2023-08-05
822,569,Product535,72.04,9,432.24,2023-01-01
823,186,Product720,109.02,10,109.02,2023-08-23
824,102,Product928,55.02,6,165.06,2023-08-24
825,839,Product196,15.17,2,75.85,2023-07-09
826,173,Product142,28.05,9,224.40,2023-05-14
827,853,Product909,27.46,3,219.68,2023-12-13
828,18,Product452,24.09,1,96.36,2023-06-13
829,316,Product781,36.88,6,368.80,2023-12-19
830,244,Product703,98.45,3,393.80,2023-01-02
831,729,Product338,17.94,7,17.94,2023-03-02
832,459,Product498,78.31,3,78.31,2023-07-04
833,790,Product403,46.93,10,187.72,2023-12-25
834,937,Product17,37.25,7,223.50,2023-10-27
835,876,Product620,103.26,4,309.78,2023-02-10
836,45,Product539,75.32,3,753.20,2023-01-27
837,969,Product87,95.29,9,381.16,2023-12-25
838,853,Product691,43.39,3,347.12,2023-12-17
839,142,Product795,91.55,8,183.10,2023-05-28
840,958,Product55,43.09,8,43.09,2023-11-05
841,20,Product915,90.63,1,453.15,2023-11-04
842,305,Product992,87.98,6,615.86,2023-11-11
843,471,Product967,26.24,4,104.96,2023-08-30
844,581,Product918,78.31,10,626.48,2023-03-01
845,275,Product486,91.85,4,91.85,2023-01-09
846,147,Product974,50.33,8,150.99,2023-11-10
847,318,Product496,100.18,6,1001.80,2023-03-06
848,955,Product449,19.23,8,192.30,2023-08-01
849,226,Product629,54.25,2,542.50,2023-05-07
850,984,Product717,87.20,10,610.40,2023-05-27
851,730,Product544,57.48,7,574.80,2023-01-16
852,191,Product732,51.50,10,103.00,2023-01-27
853,811,Product349,22.41,1,201.69,2023-12-17
854,485,Product335,20.92,5,146.44,2023-12-10
855,991,Product200,29.24,10,233.92,2023-01-16
856,442,Product156,26.79,3,187.53,2023-11-19
857,717,Product595,68.97,6,551.76,2023-01-05
858,544,Product244,16.18,8,161.80,2023-08-04
859,158,Product663,51.44,8,257.20,2023-11-22
860,965,Product544,57.48,9,172.44,2023-08-02
861,245,Product331,92.55,3,370.20,2023-03-29
862,436,Product991,100.97,2,605.82,2023-03-26
863,42,Product375,22.34,3,223.40,2023-11-27
864,150,Product785,59.11,8,177.33,2023-02-15
865,831,Product819,40.40,2,121.20,2023-11-18
866,432,Product438,50.74,2,253.70,2023-12-25
867,941,Product963,70.91,7,496.37,2023-04-10
868,15,Product218,41.13,1,164.52,2023-04-30
869,776,Product289,82.08,9,82.08,2023-06-30
870,139,Product619,28.85,7,28.85,2023-02-24
871,578,Product721,20.36,9,142.52,2023-10-20
872,719,Product11,74.34,6,669.06,2023-04-09
873,946,Product53,107.96,8,863.68,2023-09-07
874,533,Product775,65.99,7,527.92,2023-08-06
875,966,Product257,102.56,9,307.68,2023-09-21
876,349,Product252,27.22,8,190.54,2023-02-02
877,358,Product749,61.59,8,554.31,2023-12-21
878,570,Product443,13.20,9,66.00,2023-11-03
879,703,Product822,60.47,6,302.35,2023-08-28
880,884,Product849,42.93,5,214.65,2023-11-27
881,492,Product841,62.29,5,498.32,2023-08-04
882,863,Product123,53.59,4,535.90,2023-12-08
883,451,Product604,69.37,3,693.70,2023-10-10
884,867,Product748,52.32,4,52.32,2023-03-30
885,689,Product282,23.57,5,47.14,2023-04-10
886,397,Product630,20.87,10,166.96,2023-08-18
887,426,Product858,20.45,2,81.80,2023-05-25
888,213,Product208,102.38,1,716.66,2023-03-05
889,652,Product178,23.34,3,70.02,2023-09-13
890,80,Product642,82.40,4,659.20,2023-07-03
891,467,Product234,31.59,4,94.77,2023-04-10
892,201,Product222,60.33,1,301.65,2023-01-24
893,850,Product733,91.12,3,637.84,2023-05-30
894,671,Product992,87.98,4,703.84,2023-08-28
895,186,Product270,92.24,10,92.24,2023-06-20
896,224,Product728,33.51,2,335.10,2023-03-27
897,590,Product811,78.57,10,785.70,2023-12-16
898,183,Product338,17.94,10,179.40,2023-02-27
899,40,Product66,71.44,2,642.96,2023-09-12
900,266,Product176,10.05,4,90.45,2023-01-25
901,786,Product936,96.75,10,290.25,2023-08-10
902,266,Product315,90.47,4,814.23,2023-03-09
903,281,Product490,24.16,4,48.32,2023-07-06
904,380,Product545,33.92,9,135.68,2023-12-26
905,818,Product442,68.88,1,688.80,2023-08-16
906,881,Product885,109.07,5,436.28,2023-08-28
907,128,Product493,24.47,7,220.23,2023-02-18
908,338,Product599,82.55,7,330.20,2023-10-09
909,764,Product388,85.08,9,765.72,2023-07-21
910,835,Product16,109.30,2,437.20,2023-03-19
911,974,Product418,75.65,9,302.60,2023-05-07
912,40,Product41,60.82,2,547.38,2023-08-09
913,928,Product169,48.33,7,241.65,2023-02-08
914,893,Product700,98.77,5,691.39,2023-10-20
915,112,Product930,42.28,6,211.40,2023-07-15
916,596,Product64,70.06,10,70.06,2023-07-14
917,69,Product924,21.39,4,106.95,2023-05-12
918,421,Product605,37.61,2,112.83,2023-12-10
919,956,Product406,32.81,8,32.81,2023-09-30
920,40,Product503,15.89,2,143.01,2023-09-09
921,655,Product137,75.25,3,301.00,2023-02-08
922,382,Product651,56.00,9,224.00,2023-01-20
923,272,Product344,47.24,4,472.40,2023-09-18
924,351,Product932,36.41,8,291.28,2023-04-24
925,628,Product155,15.34,2,122.72,2023-07-20
926,573,Product295,94.55,9,567.30,2023-04-07
927,186,Product291,66.37,10,66.37,2023-08-09
928,146,Product923,56.13,8,112.26,2023-09-26
929,668,Product252,27.22,4,190.54,2023-05-30
930,772,Product144,70.39,9,703.90,2023-02-08
931,925,Product143,32.25,7,129.00,2023-11-06
932,719,Product717,87.20,6,697.60,2023-03-11
933,105,Product612,96.41,6,289.23,2023-11-28
934,288,Product177,10.73,5,42.92,2023-03-28
935,634,Product216,50.23,2,502.30,2023-03-04
936,274,Product826,24.67,4,24.67,2023-12-05
937,143,Product911,46.29,8,92.58,2023-06-11
938,290,Product3,37.64,5,150.56,2023-05-15
939,953,Product651,56.00,8,560.00,2023-06-11
940,151,Product325,84.76,8,254.28,2023-01-08
941,297,Product10,107.62,5,645.72,2023-03-09
942,63,Product773,74.37,4,297.48,2023-11-13
943,824,Product331,92.55,2,185.10,2023-03-04
944,630,Product417,70.96,2,638.64,2023-08-27
945,113,Product733,91.12,6,455.60,2023-08-01
946,328,Product823,63.08,7,189.24,2023-02-03
947,969,Product884,89.08,9,267.24,2023-11-30
948,782,Product281,59.27,10,118.54,2023-03-03
949,328,Product600,105.71,7,211.42,2023-02-01
950,862,Product508,30.53,4,305.30,2023-10-18
951,558,Product76,101.42,8,304.26,2023-12-25
952,788,Product522,104.14,10,416.56,2023-10-14
953,215,Product557,88.93,1,622.51,2023-04-03
954,612,Product821,99.55,1,497.75,2023-01-06
955,420,Product175,43.36,1,86.72,2023-07-31
956,505,Product957,59.61,6,59.61,2023-11-10
957,213,Product572,15.40,1,107.80,2023-02-25
958,382,Product782,36.95,10,147.80,2023-02-19
959,500,Product434,10.30,5,103.00,2023-06-11
960,212,Product759,74.29,1,520.03,2023-01-15
961,390,Product856,28.15,10,168.90,2023-11-05
962,697,Product577,86.12,5,258.36,2023-12-27
963,823,Product466,28.80,2,28.80,2023-01-10
964,28,Product614,34.50,2,207.00,2023-08-02
965,187,Product513,20.94,10,41.88,2023-09-17
966,349,Product577,86.12,8,602.84,2023-01-31
967,405,Product474,99.38,1,894.42,2023-04-12
968,202,Product403,46.93,1,234.65,2023-02-10
969,11,Product805,13.02,1,39.06,2023-12-16
970,595,Product415,79.26,10,79.26,2023-06-10
971,896,Product729,93.11,5,651.77,2023-01-20
972,259,Product483,55.60,3,389.20,2023-07-29
973,319,Product29,11.35,6,113.50,2023-02-10
974,968,Product471,45.53,9,136.59,2023-11-20
975,346,Product90,80.60,8,564.20,2023-11-02
976,553,Product531,35.28,8,70.56,2023-05-16
977,472,Product802,74.59,4,298.36,2023-10-04
978,749,Product985,84.06,8,420.30,2023-01-06
979,660,Product791,41.93,3,251.58,2023-09-06
980,719,Product833,33.01,6,264.08,2023-03-17
981,497,Product997,92.53,5,832.77,2023-01-17
982,46,Product919,12.06,3,120.60,2023-04-06
983,22,Product115,54.50,1,272.50,2023-10-19
984,609,Product806,58.03,1,232.12,2023-09-11
985,372,Product547,11.63,9,23.26,2023-04-03
986,756,Product732,51.50,8,360.50,2023-09-23
987,550,Product79,93.98,8,93.98,2023-02-18
988,633,Product780,52.64,2,473.76,2023-11-10
989,821,Product860,25.65,2,25.65,2023-12-09
990,967,Product956,82.01,9,246.03,2023-10-10
991,163,Product730,77.48,9,464.88,2023-04-16
992,533,Product22,69.90,7,559.20,2023-07-21
993,265,Product866,89.14,4,713.12,2023-11-21
994,419,Product769,77.09,1,231.27,2023-10-11
995,963,Product875,34.31,9,68.62,2023-05-31
996,853,Product915,90.63,3,725.04,2023-12-29
997,929,Product117,47.81,7,239.05,2023-02-19
998,886,Product426,68.29,5,341.45,2023-01-27
999,500,Product295,94.55,5,945.50,2023-05-05
1000,629,Product796,99.95,2,899.55,2023-09-13
